{"cameraMode":{"drawMode":0,"name":"Shaded","section":"Shading Mode"},"sceneLighting":true,"audioPlay":false,"sceneViewState":{"m_AlwaysRefresh":false,"showFog":true,"showSkybox":true,"showFlares":true,"showImageEffects":true,"showParticleSystems":true,"showVisualEffectGraphs":true,"m_FxEnabled":true},"in2DMode":false,"pivot":{"x":-0.019350826740264894,"y":7.776800632476807,"z":-12.260017395019532},"rotation":{"x":0.3507414162158966,"y":-0.04604077339172363,"z":0.017260495573282243,"w":0.9351986050605774},"size":3.88932466506958,"orthographic":true}